f1,f2,f3,f4,f5,response
-0.764216201,-1.016209467,0.149409995,-0.050118928,-0.578126608,6.242513536
0.763879726,-1.159509168,-0.721492249,-0.654066713,-0.431670311,-8.118240671
0.519328879,-0.664621182,-1.694903671,1.339778994,0.18276429,66.72245548
-0.177388463,0.515623442,0.135143893,-0.647633701,-0.405631086,-27.71679309
0.104021745,0.749664909,-0.939337786,-0.090725379,-0.639962884,8.192074534
-0.699867242,0.019159314,1.10337665,-0.671614365,-0.119062845,-18.59756342
-1.028250031,0.962967347,0.471027477,-1.941218826,-0.465591002,-73.17473383
0.337585241,1.352947617,-1.789795136,-0.885795649,-0.84615028,-25.86546403
0.295433112,-0.907789197,0.275980352,-0.675525749,-0.94259194,-9.001596413
0.442268755,-0.704558507,-1.127342387,1.030205797,0.80011312,57.07696311
-0.2048397,-1.806101549,-1.047470878,-0.026997855,0.855309243,8.256146913
-0.913785169,0.812539891,-0.142404083,1.158025484,-0.595457145,36.09512929
-1.615746063,1.026103554,-0.358001935,-1.082828167,-0.634044218,-43.71789546
-1.136887844,-0.252587966,-0.346081163,0.829751406,-0.786013728,26.83897683
0.365963505,0.21794415,0.70619114,-0.331472033,-0.235983625,2.830971436
0.460226889,-0.881942001,0.235675548,0.910278286,-1.10099467,51.38041445
-0.770275045,1.010911035,-0.663917252,-1.563364143,-1.664087909,-58.76494616
-1.797705737,-0.051250613,-1.773456362,-0.623435088,-0.253349117,-39.74321418
-0.418530531,-2.09037873,0.78109652,-1.481339526,-0.225444434,-48.18916182
-1.576976399,1.151157896,-1.134434477,0.981569627,0.254737265,20.10221256
-0.751207076,0.783739572,-1.46178858,-0.797530665,1.211190094,-34.34414944
0.13515061,-1.00421696,1.225235676,1.249234707,0.130206233,58.46525634
0.756047636,0.801964727,-1.095009206,2.404153791,-0.623665639,107.7479833
0.345509055,-0.394710828,-0.509860865,0.507288269,0.621544516,40.07576279
-2.554255609,1.892882135,-0.649566546,-0.028554508,1.629167364,-14.61758318
0.269581468,0.273101068,1.406079887,1.323882645,1.067488715,72.84228869
1.802561567,-0.455329441,-0.834394963,-0.980444603,1.235228393,-9.014607486
1.632551131,1.77449934,0.394787906,0.357203806,-1.18742953,29.11405907
-1.461706466,-2.068913921,-0.737167614,-1.040770165,1.145878465,-50.54974218
-0.452261936,-1.306585311,-0.973860246,-0.337720378,-0.926530211,-10.11548954
1.746246904,-0.828246732,-0.551588257,1.202499732,-0.846025188,77.4266254
0.467013949,-1.216339698,1.890163345,0.900633578,-1.666131744,50.59432216
-1.205978612,0.847615536,-1.333226631,0.687698063,0.063314948,21.03759926
-0.286037895,-1.167027208,0.603324061,0.749027821,-2.16327351,36.7073169
-0.231326691,0.52165814,1.137946168,1.840031622,2.848932569,73.7582445
-1.139562381,-0.606857946,-2.68156772,1.222276467,2.485893389,53.39094418
1.34519885,-0.427811425,-1.520472647,-0.758865961,-1.727728798,-1.800943813
-0.085547316,3.365577904,1.428490283,0.153598618,-0.113475861,14.01920791
0.360177272,0.114824663,-0.345398927,-1.327720183,0.186327463,-32.5767518
-0.014140521,-1.684409107,0.894163568,-0.279127283,-0.024183403,-11.28724251
1.924587732,-0.168074984,0.727853237,-0.694179718,-0.260741963,3.498640239
-0.425010364,-0.615809209,-1.038554279,-0.442221085,1.259926058,-12.50206755
-0.501203865,0.502759412,-2.090344537,0.591524356,-0.409535339,18.44736877
-0.131434752,-0.837684273,-0.160283934,1.001724262,1.440950341,42.37592962
1.837590676,0.18264423,0.450585504,-1.132134052,-0.336426597,-12.43246844
0.974294651,-0.308212941,-0.472994748,0.207721595,-0.398538423,25.71102779
0.798303066,-0.975238342,0.242310614,-0.390421253,1.771723826,1.846187187
-2.186259772,-1.040181293,-1.212699814,-0.094066837,0.501084775,-9.574402308
-1.942304119,-1.090313055,-0.270664865,0.063019955,-0.339603082,-11.46335843
-0.786805858,-0.62546728,-1.036784455,-0.056548161,-0.522879722,3.61486031
-0.385481501,-2.228982058,-0.884343913,2.399790226,-1.074720371,98.11162379
0.225809065,-1.679383819,-0.850551678,-0.695489165,-0.68293675,-8.796520145
0.733060807,0.450296246,-0.95436518,0.679780039,-0.237279412,47.92324334
-0.190725165,0.262771749,0.263850886,-0.428740123,-1.732588903,-9.964918639
-1.380008628,0.115105893,-0.26044348,-0.8588812,0.488832872,-40.23641951
-0.575379419,-0.548964108,0.214654381,-1.085187561,0.059363627,-40.31873951
-0.918770691,0.690542462,1.88956087,0.33045577,0.469064037,10.71870132
-1.448317695,-1.182599665,-0.771851671,1.242384789,1.208979442,39.56101198
1.397958676,-1.152870687,0.356233609,-0.56821753,0.46216098,7.709451991
-0.806350133,0.176436594,1.446686406,-0.639055894,0.747275491,-18.79279148
-0.759928448,-0.152225361,0.413532045,-1.892719506,0.90477204,-67.61230492
-0.64683363,1.434593883,-0.459979727,1.358376145,1.18629638,60.68068038
1.999225772,-3.265002497,-0.608979692,-0.684614371,-0.53166784,-1.710947446
0.73588077,-0.982852676,-0.015503124,-0.964512428,0.459418695,-16.18381387
1.121507075,-0.584469146,0.725966025,-0.126126265,0.829553353,19.91188672
-1.203195472,-0.356869079,0.00850025,1.558403075,0.729022873,55.90327288
0.515578882,0.413079371,-1.988964581,-1.156114485,-1.064404371,-36.21426565
0.237075585,-0.725260948,-0.339458547,1.557186311,-0.802571617,67.79940596
-0.043805098,1.310063758,-0.36301782,0.300047202,0.600061601,24.76138641
1.31988709,1.30587886,1.013332393,0.158392795,1.22208252,32.82859306
0.96742751,-0.430091018,-0.672330403,1.498601235,0.049969207,71.46003025
1.024623471,-0.683349589,-0.045591562,0.40940439,-0.038286084,39.00080196
0.226769012,1.127121772,0.09815258,2.622221098,1.382249669,112.6152627
-0.284926687,1.830974208,-1.022677488,-0.26250097,1.145327318,1.266086864
-0.47739237,1.033723844,-0.180854776,1.431793958,-1.179852181,51.98820724
0.110664665,0.799623297,0.203074106,0.467177828,0.380408136,25.60978923
-0.288018205,-0.085933923,-0.380483463,-1.80147978,-0.854856516,-66.49324349
-1.421377926,-0.35352861,1.418747722,1.662860138,0.733804417,55.11497612
0.322524872,-0.863789825,1.251304668,-1.317428128,0.508284917,-35.76437554
-0.746297167,-2.082066789,1.533892088,-0.880885207,-1.052627476,-35.48051362
-1.889235145,-0.701859655,-0.656033837,-1.212007379,-0.26885101,-57.43507896
-1.828022716,0.455363826,-1.157212136,-1.417890809,0.796413773,-64.33445956
-0.37027761,-0.698169617,0.600026502,1.501120222,1.296775705,58.53685205
0.626339482,-0.954877386,-0.03539609,1.260596387,0.249855928,67.06994291
0.723222914,0.351800963,1.270875121,0.042774577,-1.284703475,18.78372544
-0.045160165,-0.181700995,0.026050189,-0.094855099,-0.566534036,-0.492681923
-0.379592865,0.382795137,-2.844225752,1.717749842,0.443781395,62.40413175
0.290964222,1.34448816,0.313443365,0.108082091,-0.036643734,21.12792416
-1.600909934,0.970756668,-1.41316073,-0.143472505,-0.133829154,-15.89118955
0.539258321,-1.079250387,-0.286461223,1.197588403,1.289091644,56.21367949
-0.507842882,-1.050922704,-2.268305333,0.500019179,-1.721855236,24.46921698
2.092604165,-0.527429482,0.524278754,0.577584707,0.053979776,52.11104521
-1.404564402,-0.765403799,0.579621965,-0.702679443,-0.258517429,-26.93136827
-0.371631516,-1.267118393,-1.332171529,1.800413703,0.489612639,70.14531962
-0.137766032,0.386142846,-0.194299411,0.471106294,2.056579648,33.55139421
-0.496961768,-0.781802009,-1.41325636,-0.206285784,-0.320331019,-13.70691625
0.940164895,0.704441477,-0.121757662,0.189344205,-2.1692778,24.90345299
-0.260245538,-0.196533774,0.48449665,1.229803045,0.677168027,54.94959244
-1.336273935,1.318259811,0.344657716,-0.611195282,1.456589566,-22.16930414
-0.243174468,-0.984202223,-0.109957602,-0.086376388,0.605503452,4.338914246
-0.49181055,1.331537207,0.956599672,0.458566738,-0.7094415,14.83286718
0.692177436,-0.311528835,1.818062631,1.527401721,0.56584762,72.99642741
2.520821749,-1.056248884,0.480862196,-1.020696422,-0.714602717,-1.013287299
-1.712765809,-0.184350501,-0.592291546,1.62205858,0.333238107,49.62678696
-2.069597869,-0.412640823,0.208502454,-1.53623361,-0.115685899,-74.99687148
0.080909898,-0.456553942,1.83564108,1.570748546,-1.028196556,72.27055846
-0.405933985,-0.954504273,-1.339205574,0.443840661,1.483301567,28.46697413
-0.202567032,-0.62369464,0.371916025,-1.593941419,0.251235055,-58.54895603
-0.342687641,1.430542509,1.368008525,-0.012054505,-0.233394195,-1.060069224
-0.197110585,-0.207448778,0.108139446,0.277504611,1.717616583,11.81190678
-0.857576555,0.621670126,0.510512559,-0.396689575,-0.968412234,-9.57252878
1.209645667,0.69876516,-1.08854871,-0.557437039,-0.627839236,5.160088946
-0.554878458,-0.282634479,-1.570895978,1.141105967,1.419162893,33.71973311
0.465872105,-1.452573145,0.848644464,-0.032874974,1.024446811,20.05878497
3.092865521,-1.287493668,1.119535197,0.17373096,0.026727618,52.28317917
-0.478968734,0.487245975,0.266133985,-1.16298025,2.531896254,-33.9097761
0.303077675,1.391383109,0.096001231,-0.167866464,-0.743167829,10.16592304
0.197584966,-0.036907588,0.845953933,0.593249655,2.56203643,34.51164149
-0.751578085,-1.131204954,-0.802098123,0.769436723,-0.17313152,27.31203128
1.29027968,1.826560447,-0.655507069,-1.733205043,1.151266541,-35.23118877
0.430679456,0.457205697,-0.365166661,-0.668707865,-0.537821548,-12.66071684
0.317155197,1.306457381,-0.170816879,0.433132452,1.220506698,25.23994885
0.062647707,2.355535983,1.042887467,-1.385551488,0.53217792,-38.25137801
-0.305767324,0.707574218,1.608503925,0.438542764,0.448451698,27.4503972
-1.075089299,1.108151378,1.32383722,-0.944980223,-2.251525876,-34.01528911
-2.088116826,-0.316063513,0.457402917,1.187297261,-0.156312069,16.35065563
-0.003512936,-0.49232076,0.694601358,-0.366281924,1.355374303,-2.903961185
-0.755750258,0.327375179,-0.125404685,0.343691065,1.144036253,13.046765
-0.929691771,-0.026409995,-0.275630488,0.340832085,-0.320478547,15.54391324
-1.056022753,0.022508997,0.342649217,2.493997846,-1.373239488,87.64507093
-0.985303547,-0.241790233,-0.42575889,0.710353086,0.294597014,25.05576648
-1.66046608,1.389825133,-0.772742309,-0.980882385,0.786242243,-49.74909386
0.687104893,1.124231695,-0.340213876,-0.1650212,2.07494846,11.99803519
-0.749386281,0.082297995,0.325321915,1.376025546,-1.24190376,45.22763346
-0.519601136,1.901677625,-0.829609442,-1.514466736,-0.036198973,-57.49527556
0.86638105,0.251082482,0.181595099,0.91054219,-0.480555308,59.13929397
0.910562112,-0.189162917,-0.332123698,1.268187757,-1.251829797,58.73509766
-2.019640852,-1.635827578,-1.479232076,1.307188295,1.921653053,31.3347399
-0.792924892,0.359442695,-0.218602568,0.968938594,-1.389239725,41.03604389
-1.092441054,-1.017543692,-1.09652834,-0.571361312,-0.800119911,-26.92654715
0.964487852,1.496786118,0.244768096,2.11024266,-0.481768425,107.3677293
-0.443500678,0.624360341,0.104716624,-0.261578269,-0.913295924,-2.252452498
2.5883028,-0.465009679,-0.427221241,1.296363868,-0.234073027,84.8277743
-0.076286278,1.566763168,-0.023635263,1.402638903,-1.369140363,64.19055156
-0.315044406,-0.094366621,0.317134432,0.777068326,-0.060173709,26.48515957
-1.465127329,-0.077111471,-1.745005926,0.514178369,0.640268617,3.70290831
-1.327485852,-1.359894309,0.283606883,-0.294479602,-1.074601304,-15.99917275
0.580392381,-0.217497101,-1.585521975,-0.530948554,-0.670815414,-0.47713494
0.440903248,0.485199085,0.973766596,0.681322484,-0.249280784,38.0980827
0.546383787,-1.764922574,-0.308552221,0.162669664,-0.260295472,28.76289941
1.732802648,-1.038903967,0.172025071,-0.732474032,0.158253802,0.138146376
0.136248734,0.098483321,0.553110219,-0.337357371,0.498654408,-2.950927195
1.154726893,-1.830203059,0.617794203,-0.006944801,0.007103139,20.57010722
1.956390918,-0.609947855,-1.134623362,1.147381231,0.304946011,70.57885339
0.424764152,-1.470248675,0.884186095,0.187228357,0.645422295,16.92556627
-0.782460189,0.074427394,0.64250632,0.568679219,-0.754986354,25.15316137
-0.169175583,-0.767487215,0.505651553,0.152623858,-0.879266319,15.93289053
-2.564188475,1.094352871,-0.922716401,0.094222166,0.67612,-20.19202682
-0.193421005,0.157507469,-2.080774158,1.251241321,0.103844092,58.31504955
-0.902841061,-0.874664453,-0.830016776,1.300679441,-1.4285639,60.11782241
-1.066330707,-0.622179687,-1.546715316,0.661747511,-1.383194836,17.87782255
0.582758926,-0.030670473,-0.524847434,-0.08387771,-0.821944689,8.806827357
0.68072411,0.702358877,-0.411679741,1.552406761,0.043105637,78.35520686
-0.641470612,1.703145689,0.287228338,-0.50709846,0.335084969,-16.4207112
0.704019691,-0.229926261,0.230920863,-0.901672921,-0.139749516,-1.408191642
-1.60036525,-2.462252513,0.746592041,-1.246165484,0.955490412,-60.11782181
0.849405086,-0.95921899,0.418820056,-0.811589671,-0.295532879,-8.96481781
0.076694712,-0.749103983,0.383957994,0.441721405,-0.918326026,23.3118445
-1.125128802,0.172469959,0.574480092,0.132500464,-0.033347689,7.140874316
0.987311629,-1.719308054,0.480587043,-0.522452935,-0.159965171,-2.576011971
0.136216764,-0.045753293,0.137778806,1.200229943,0.365272337,53.69479068
-0.36388042,-1.996692763,-0.914602727,-0.670311722,1.330007929,-23.32987211
1.596135,-0.432189578,0.801992654,-0.177968592,0.250772865,18.32727387
1.204216298,-1.993245638,-0.838547571,2.011505852,0.469685284,94.64567101
0.625606074,-0.568598228,-0.476891642,-0.266276814,-1.122047402,13.47538466
1.43191629,0.34215895,0.332677281,0.410871302,0.144800499,44.59126938
1.455132258,0.061449647,-0.100770461,0.235588317,0.931237157,40.48387201
1.758085828,0.514850476,-0.495461142,0.706934507,0.582812505,62.8163526
-1.397243078,-0.13829299,-0.248572323,0.985276474,-1.914017074,15.31523973
1.098616403,-0.954835191,-1.271119085,-0.419057274,-0.219913448,5.181419917
0.473253006,-0.664952462,-0.322411764,0.546587111,-0.404071904,31.29978252
1.18487877,-0.699413546,-0.930678864,1.065571643,0.008797499,64.46777723
-0.674757738,1.457288807,-1.307827963,0.690275012,1.476122503,28.14694609
0.063458572,1.292064995,-0.095159499,-1.074666482,-1.080402336,-27.92695281
-1.778116683,-0.406356321,0.755345097,0.135330304,-0.634115487,1.767813617
0.131542187,-1.048691797,0.236419402,0.655488857,0.702669728,32.17958798
0.037284576,0.347913701,-0.270602703,1.197583619,0.146874159,51.38222113
2.010142899,-0.788901913,0.621335495,-0.518917226,0.479486844,7.415249339
-1.930401918,1.080008225,0.546047532,0.226636381,0.427780904,-2.276690078
1.157690149,-1.492499285,-0.071219356,0.024532174,-0.20351609,28.89583042
0.432879855,-3.010945438,0.129666192,-0.432336545,2.312682927,-2.063677468
-0.107645387,1.021829349,0.330175298,2.322070978,1.263138836,90.3096947
0.338678358,-1.021714844,0.382695785,1.471915678,-0.342533524,71.16269967
1.394502774,0.071515056,-0.017354899,1.270504687,-0.869389743,75.07809092
1.560971707,1.278332367,-1.114359736,-0.316331169,1.122140883,13.88869981
-1.187200331,0.548193785,1.802403185,0.957159032,0.514507733,26.04025912
1.608189825,0.83935361,-0.100039442,-0.386786628,0.828142706,15.96339708
1.006257231,0.75485246,-0.266888294,-0.993492703,-0.794649739,-19.48210433
-0.638743742,-0.865952355,-0.31675105,0.639075994,-0.022035727,19.9742447
-0.537430961,1.423837001,2.402537967,-0.030956996,-0.458695614,0.905924405
0.666718399,0.415498762,0.407227685,-0.640150198,-1.218498167,-2.49343857
-0.239569066,-0.602062639,0.04490135,0.224141649,-0.597653604,13.46949931
-1.297394534,-1.202985016,-0.426655854,0.941177394,-0.695690255,22.11232897
0.46210938,1.25407032,3.40611451,1.62405897,0.083876197,82.82512631
0.207131028,1.764778779,-0.465874286,-1.077074203,1.140694583,-20.92657746
1.339236812,1.560284123,-0.758485494,0.370909984,-1.528774039,32.68694327
-0.319064822,-0.349220668,0.017935987,1.46301864,-0.274948341,55.36318258
-1.061702233,-0.807990819,-0.840166839,0.959370992,-1.015200886,35.73295034
-0.529594871,-0.747444904,0.054229152,-2.146985801,-1.610783333,-75.55367201
0.354715541,2.149921037,0.029432253,-0.900271125,1.123298296,-30.76647316
-0.105666298,0.821280283,2.959449852,1.57173706,1.013101872,71.24846723
2.375821899,-1.267245019,1.245263469,0.610633432,-1.20913376,60.41555776
-0.085736288,0.366091063,1.724705437,0.664576733,-0.692674912,39.19749741
0.838992331,0.006172271,1.121100664,-0.809493449,-0.739881474,-13.06055437
-1.296306796,-1.755081832,-0.428969618,0.19018927,-1.343213619,4.996403668
1.30692264,-0.66643979,-0.203275474,-0.697422539,-1.735446881,0.547121675
0.178323447,0.042923855,-1.276873768,1.50202338,0.994243319,67.0720647
0.689856928,1.548410256,-0.356173356,0.931930282,0.279918175,60.01048986
0.228014202,0.44296912,2.082051886,0.381778935,-0.014686298,29.37346277
0.336861928,-1.283985433,0.898891401,-0.344216468,-1.308537059,7.753206186
1.824637826,0.152809975,-1.828586069,-0.365995903,0.35263524,7.199650094
1.85478243,-0.054198156,0.48885754,-0.175262095,0.26093617,27.38345447
-0.310358808,-0.333250981,0.244851355,0.524989461,-0.530202027,22.03891111
0.109988986,1.491147444,0.439092655,-0.732671623,1.171235635,-21.65612481
0.489781469,1.05917417,0.351238584,-0.825488751,-0.574413432,-11.90910735
0.581159649,1.335819507,0.134890048,0.281398015,0.548012296,20.94309015
0.799790006,-1.010847475,-1.312384124,-0.959831798,-1.403586003,-14.19446448
0.540786052,-1.793380574,-1.813102665,0.075139054,2.029413504,20.33646553
-0.961770775,-0.972934232,-0.063096648,-0.067214331,-1.998247186,8.473278022
1.055837458,-0.588114251,-0.684038173,-0.268842379,-0.725221651,7.798327938
0.914470136,0.995026772,0.774291124,2.425902393,0.797535064,106.3615193
1.481243895,-0.460860576,1.7204338,-2.203481711,-0.794439534,-56.71080113
0.652524257,-0.686523048,-1.508530618,0.445711485,-0.441367102,41.98066902
-0.304926048,3.534174521,0.354616752,-0.859649275,-1.176770485,-20.5535548
1.033676907,-0.038543751,-0.603964583,0.19735248,-0.287944045,34.80839827
0.254064375,-1.357458512,-0.863834922,-1.078533913,-0.65070532,-20.64494647
-1.193573742,0.368918481,1.16453924,-0.224921785,1.113594175,-16.54355122
-2.86387944,-1.197337067,0.588847672,-1.91258748,2.130617803,-94.52040123
-0.667480346,-1.582142092,-0.843132398,-1.91563004,-1.352586581,-66.11236385
0.557703012,-0.359010673,0.313334604,-0.408347496,0.412779092,-0.030505185
-1.398095052,-0.421016647,-1.11819865,1.994849304,-0.376648697,73.78780164
-0.10628073,0.248297349,-0.957000632,1.307825692,0.6953163,54.0150014
-0.162299669,-0.360015351,-0.482750255,-0.504712828,-1.600244622,-5.04125144
1.272208662,-0.686978506,0.210428978,0.848280963,0.064311937,58.38479123
-0.011450544,1.434001407,-0.291371831,0.853718793,-0.33129919,43.37430774
-1.08286197,0.299958383,0.007351312,-2.350025295,-0.678480436,-86.18276662
0.178938476,-0.700105855,0.080269787,-0.066496251,-0.178644703,11.97675275
-0.238629612,0.762978281,-0.675063311,1.334108927,0.144145057,55.03384577
0.541024629,1.248978296,-0.647945388,0.496907785,0.616080825,26.27778964
0.064646025,0.333525295,1.172098349,-1.3036227,-0.422583249,-36.74293564
-0.185219967,-0.767408692,0.725069187,1.199757124,-1.112039075,47.52534622
-0.34980637,-1.424096798,0.579255461,-0.899897474,-2.134864051,-24.61800509
-3.174809075,-0.531293243,-1.203385886,0.005013505,1.440480192,-24.91215223
-1.993013621,0.250094543,1.195897332,-0.600659158,-0.709879006,-40.53102507
-0.627029986,0.85511765,-0.016645697,1.686291041,0.579467802,63.09588559
0.169586214,-0.52013143,0.128040046,-1.174328523,0.525273224,-27.4317452
0.263495395,0.487389029,2.221419858,-0.225487169,0.746010449,1.968734725
-0.358575675,-0.700931933,-0.748460285,0.359180155,0.683290822,11.38853657
-1.264550514,1.359205353,-0.42623145,0.291174754,-0.146275538,-3.771389502
-0.243454725,-1.063632914,-0.385004639,0.78207405,1.788784562,29.71109399
-0.466265555,0.942818637,0.274462114,1.038419939,-0.605436078,43.81062872
1.389963193,1.394827505,0.063762582,-0.456006059,9.54E-05,4.939762767
1.097010687,-0.148157372,-0.8975113,-0.117139799,0.572671619,21.07051218
-0.928825993,1.022317682,-0.490952456,0.65687919,0.933063409,17.92611569
1.104258088,1.022845023,0.34843296,0.2879497,1.752052491,37.7870903
0.91695199,1.568804423,-0.521422191,0.099010227,-1.422913511,9.769515403
0.354583899,0.703692252,-0.290537273,0.283606985,-0.443451215,27.39481162
1.372963701,0.343566902,-0.828736953,0.293119054,0.247610628,38.48269392
1.919082761,-0.581746793,-0.515672013,0.323348859,0.072747869,45.24143567
-1.324028982,0.02565523,-1.427972033,-1.655961288,0.535111263,-83.66510131
1.146231746,1.276558938,1.061780312,0.417325881,-0.151570585,37.77509679
-0.608413431,0.610041761,0.670784165,0.958513949,-2.440534894,37.99891852
1.431275158,-0.145374767,0.246522684,-0.492802761,0.714085204,12.34227874
1.056471385,-1.525453623,-0.132049405,0.043412366,0.303829951,30.10494859
-0.642487145,0.043114108,-0.519944089,0.516343596,-0.229933415,20.3118821
-0.152476947,-0.95610328,-0.171354147,0.519065836,0.263913589,28.14704297
0.242459341,-1.481475037,-0.40486286,-0.486121434,-1.855982112,1.648892066
1.725573114,-0.504062782,1.362935218,0.567874907,-0.060185188,48.54337608
0.46914847,-2.348726937,-0.433299621,-0.023558347,0.749460039,11.73993295
-0.717980202,0.332528768,-0.266894585,-1.275123298,0.149440024,-37.09157091
-0.233413196,-0.979834079,0.095592164,0.992757381,0.280146667,48.55109298
-2.518267811,1.619513736,1.029915667,0.027712607,0.991543455,-11.36666621
-1.070979565,-0.330438356,1.292156565,-0.118576074,-0.259217149,-5.425444641
-1.579473351,0.985656355,-0.62767797,-1.100386726,-0.650165611,-46.56622265
-0.422854902,-0.719984989,0.125691557,1.942696296,1.439495061,73.97721036
-1.65558922,-0.435355532,-0.806483538,-1.196381602,-0.179797269,-61.73204464
-0.718291193,-1.195295027,1.177040533,0.830022239,0.127587116,25.41989155
0.470396201,0.015408613,2.245873631,1.011262073,0.326963107,56.16668836
-1.880219223,0.701642799,-0.301975631,-1.435132534,-0.838636629,-54.40348069
1.652796866,0.836305386,0.172165137,-2.192025921,-2.026027398,-53.63607987
0.11964499,-0.220277449,0.734750288,2.341187383,-1.798692548,93.94479786
-0.191060247,0.419432062,0.381169248,-0.740324861,-1.438137974,-17.58858713
0.04804675,0.547872894,0.296536598,0.414476128,-0.703911174,34.39149875
0.595088053,-0.194839395,1.477022891,1.634478244,1.536026335,74.3853579
-0.344420878,0.504016872,0.889267789,-0.310421665,-0.183870326,4.120419001
-0.23635123,-0.850736054,0.648090799,-0.063353491,0.472078179,3.503003442
-1.918121005,0.044903341,-0.480159973,-1.157084023,1.507318163,-44.41356129
-0.679881706,-0.686630042,-1.167017971,-1.310206626,-2.002806565,-46.9785225
-1.295913775,-0.016827525,-1.022317093,-1.571934484,-1.593743551,-61.74768672
-0.075985622,0.382951328,0.729575938,0.155422788,-0.640783958,15.97893624
1.534580141,-0.947747809,-0.559365932,-0.367913609,0.018938636,23.5757484
0.549790487,-0.773665728,0.993349149,-0.150764047,-0.771613303,10.14200532
0.695093695,-1.119125029,-0.587495683,0.484023265,-0.298168485,32.33502359
1.363448518,-0.697518637,1.296146696,-0.43644853,1.341433167,9.268415593
0.254270201,0.82419419,0.653006889,1.404688369,0.369546395,54.92783478
0.592192562,-0.55319251,1.054232616,0.377977482,0.00515351,27.93068036
-2.579897524,-1.575497033,0.604210052,0.504310828,-1.074017337,-2.663364258
0.644483208,0.360984086,-0.094383062,-0.320534034,1.597434909,5.378159898
0.615856071,2.350068291,-1.628620383,-0.769838479,-1.065264611,-17.23652179
-0.304998306,-1.240131922,2.409533649,-0.600699977,0.657882435,-20.64315364
-1.494489166,-1.703386558,-2.645343111,0.400250701,1.539745215,3.75065671
-1.817701681,-1.645436016,0.124828343,-0.041185496,0.646867401,-14.40472563
1.482654324,-0.925562974,0.812869364,-0.497357002,1.207801023,13.25412732
1.390288213,0.904941113,0.825931634,0.927061422,0.568717918,57.00494622
0.45530585,1.141308715,1.988709668,1.124331756,0.729526753,60.24826169
-0.063969505,0.322780254,-0.546093447,-0.272825785,0.483717882,-2.681633352
1.442641876,-0.650207128,0.810497545,1.656756345,-1.647352939,83.46927011
-1.21358719,0.150312004,-0.6104738,-1.391941263,1.423304997,-54.63642574
0.735410854,0.839744729,-1.047060567,-1.709803175,1.226293071,-48.02881371
0.461375034,1.359838128,0.956378456,1.420936987,1.373714028,69.87713034
-0.073589984,-0.125224478,-1.178328952,-0.29919787,-0.524000299,1.427095317
0.75415685,-1.198607204,-0.419249768,0.28720399,-0.181963196,33.87079049
-0.716977862,-0.595602584,-0.270779513,-0.725733908,1.291786112,-19.20821875
-0.252753622,0.826531177,-1.415005866,-0.282062488,-1.792702915,4.215107235
-1.053603496,-0.967589558,-1.136381818,0.410971271,0.576760046,12.3272097
-0.126746756,-1.006643028,-0.489378861,0.322661725,0.127369922,16.19834661
-0.435716162,0.932010038,0.811962022,-2.240778229,0.454762753,-85.16594162
-0.565860016,0.458730861,-0.785512258,0.156741141,-0.643312938,8.180314595
-0.637406739,-1.294136886,-0.22926011,-0.76679441,0.91401825,-24.3921879
0.093341583,1.177195382,-0.282888007,-0.886547546,1.644655748,-19.84675383
-0.234047344,-1.502011966,0.836946371,-0.007095251,1.533897485,6.223809636
-0.501761759,-1.013287148,1.465287449,0.342270728,2.759649986,19.95462347
0.662615864,1.677855966,0.35064432,1.158258978,1.081752517,68.42647131
2.023321462,0.425124655,-0.57046284,0.919156498,-0.560571267,59.6056668
1.49030974,-0.695182991,1.032299738,1.506687062,1.629697,80.37831252
0.33622067,-0.625374312,-0.488207261,-0.828179135,1.036648185,-21.79979116
0.466747184,0.059270255,1.117523815,0.174716419,-1.375853025,27.20572392
0.21277366,-1.315978105,-0.537057901,-0.788575051,-1.152873575,-22.27625563
-0.122044585,1.127919676,0.224110176,-1.882025405,0.829276669,-57.32067213
-1.517008246,0.467972247,0.450000339,0.343302196,-0.823076138,3.251371404
0.799826107,1.009399683,0.051216108,0.856948642,0.242723634,47.93890816
-0.708247939,-0.17677727,-0.55700121,-0.280920371,1.647875419,-2.584548807
-1.276186806,-0.629078769,-0.349126986,0.031171432,1.593865384,-4.321416059
1.063354895,0.979975777,1.249649384,0.00647191,-0.447607689,26.03733242
0.775099794,-0.847214105,0.528483931,0.995962851,-0.270110703,51.24478484
0.40421683,-0.422782148,0.512936143,0.428497557,0.498915035,34.51765059
2.603813559,-1.378623497,-0.749241113,-0.113549379,-1.58885135,30.31498139
1.38217398,-0.464674364,0.820959124,0.252767449,-0.436874669,36.07510371
0.245141261,-0.927429175,0.808750789,-0.010867482,0.252668302,13.45308557
0.656799424,0.139285635,0.383308481,-0.296700409,1.213399498,8.087958659
1.560863411,-0.870607811,0.984449005,1.513453503,-1.095330436,84.29221683
1.540451476,-1.228028811,1.614725342,0.329679708,1.532248363,42.56880661
-0.760946418,1.958933261,-0.646534342,-0.383468515,2.177814975,-15.01838311
-1.995310578,0.548626051,-0.002991903,1.120373213,0.489018739,33.2764209
1.14442664,-0.971014926,-1.479287892,-0.789081902,-0.376860781,-5.977860069
0.593174244,-1.652704714,0.459609041,-0.315467185,0.031290355,-0.584732206
0.630950897,0.365851489,3.128817537,-0.814120921,-0.757456886,-13.66420279
-1.461179486,0.334093085,0.312053892,0.745402483,1.044872443,18.79578084
-0.565585694,0.905033561,0.122272229,1.097474303,0.572992958,40.49624587
1.088571312,-0.324444862,-0.199148174,0.929594768,-1.058507994,54.18492193
-0.702011401,0.085254229,1.200694709,-0.420014639,0.348374639,-8.806257591
-1.235515066,-0.855447686,0.966716834,0.556510226,-1.344364303,18.5412997
0.225312545,-0.634780213,-2.278669136,0.98266028,-1.029850308,39.80269079
0.806311323,-0.729030499,-0.221490113,-0.4251015,-0.388180302,4.030923058
-0.86427383,0.207050657,1.429853497,-0.241008427,1.083154041,-11.67907354
-0.790981758,-1.329763306,0.076892679,-0.22235577,-1.765786625,-12.08162826
-0.358337823,-0.233452593,0.286514723,1.206892387,-0.184494128,53.93198517
-0.862698015,-2.04120909,0.166245398,0.538931635,-0.135290143,9.46071333
-0.4456105,-1.383007912,-1.289107908,-1.360391428,0.254715263,-43.95140213
-1.634058541,1.266847744,1.291997405,-0.195273668,-1.418120167,-10.74434808
0.938846601,1.574752022,-1.905469514,-0.719562673,-1.771250479,-12.40401087
1.553227435,2.318964858,-0.252383051,-2.764935685,0.634058371,-74.83509728
-0.943588986,-0.515209413,0.670774008,-0.532655137,-0.160650337,-21.17416492
-1.460682042,-0.039635994,0.136838927,1.650844984,0.116145024,54.6780608
1.520009881,0.732730915,0.06329292,0.707313883,-1.488779249,50.05256717
-0.808787056,-0.423109313,-0.806226847,-0.926190257,-1.204482762,-30.26995906
1.222112688,-0.432660782,1.701267594,-0.233915325,-1.100815176,10.7664304
-0.033315411,-1.23441332,-0.681848157,0.472629977,-1.191827624,26.59119801
-1.172223644,-0.222686315,-0.502486904,0.921820934,0.441795101,33.36943694
-0.657905331,-0.417471569,0.42736466,-0.626719898,0.153824174,-24.91057033
-0.444785503,-1.012689529,-0.773614444,1.099849597,-1.220559609,44.43930628
0.612911511,-0.77306794,-0.933717532,0.335865187,0.036804345,17.2625552
0.313926484,-0.234822521,-0.729167173,0.346539573,1.090577267,24.56033311
0.442139274,-0.011054434,0.073552837,0.257782274,0.848302118,28.76970908
-0.8969726,-1.271946844,0.190799982,-1.082500022,0.876533797,-38.2674165
0.583702409,0.797396526,-0.022745295,1.803944748,-0.479323944,85.03256418
1.416524327,1.115501657,2.02495248,-0.149775099,0.931257592,23.47204148
1.688481415,0.659827067,-1.306698573,-0.100431292,-0.182418071,26.50233356
0.303106948,0.693672137,0.307614293,-0.358235853,-0.042435195,-2.72067781
-0.3455606,-0.007868547,0.681747597,-0.75175324,-0.26300657,-21.54102767
-0.756509684,-0.406134618,0.38760108,-0.076850297,-0.449664075,3.264518438
-0.258844294,0.241551675,2.05893969,0.464545458,-1.994364482,29.42459348
-0.518241331,-2.251342536,-1.630366244,-0.445874309,-0.907902388,-12.47993653
-0.445746993,1.12510804,-1.553454724,-0.3067073,0.87733419,-6.33900041
-0.23605671,0.812419052,-0.443559094,-0.940963493,1.061484344,-24.00780212
-0.129711658,1.198844106,1.377576308,0.582470597,0.694999865,22.46742546
-0.020426572,0.234002345,0.623074004,-0.536309045,1.501885618,-4.404192822
-0.750985729,-2.275055976,-0.438062782,-2.382093849,-0.5255724,-80.87765837
0.355708223,-0.007702256,-0.335578814,1.66396693,-2.144147029,79.53302953
0.574998207,-0.712016164,0.394355375,-0.980376258,2.005552346,-18.03845562
0.091541565,0.687219462,-1.809500243,0.079057615,-0.181401025,18.37321469
-0.196637129,-0.020891496,-0.350372737,1.3707572,0.081938712,53.90858318
0.102151788,-0.94667994,-1.211734332,-0.587991831,1.155897234,-10.74642494
0.413445521,-0.178166466,-0.976257649,1.884052855,-0.882883411,74.55080923
0.833319295,-0.287457387,0.121690249,1.01293789,-0.652327286,61.7818545
0.170545941,-0.208875644,0.781945993,1.00349639,0.110783929,56.36087473
0.159362984,2.081404407,-0.840854431,-1.452732921,-0.277136703,-47.25326694
-0.239840686,-1.671791582,1.365069659,-0.49428021,-0.065176164,-22.00765664
-0.607629874,-1.075893261,0.641912979,0.951588151,0.444583925,33.74791182
-1.060381386,0.409674469,1.267232279,0.741812973,1.895947608,26.3209842
-1.063008845,0.639557429,-1.136784398,-1.886197763,-1.282394029,-72.58275442
1.4321597,-2.378824278,1.889145932,0.810207061,-0.287227313,57.92261991
0.401602662,-1.545361953,0.440099406,0.217197754,-0.083468544,24.01586797
-0.681722885,-0.762825821,-0.158004295,1.267591247,1.822248615,40.98095887
-0.62802986,1.362263331,-0.025088157,1.79184739,-1.555223911,61.21356156
0.656522373,-0.883620138,1.52487701,0.760924803,1.367124418,45.496827
0.261240225,-0.146002048,0.491945629,1.71311733,0.075722267,82.67311678
-0.264165719,0.071111954,0.820337201,-0.655043969,1.354606542,-10.90048255
-1.189288787,0.728811774,0.326503594,1.117653415,-0.831972433,25.79694804
-0.123218594,0.92421244,-0.891064979,-0.085609184,0.812230446,-1.809792883
1.547681924,1.65046022,-1.059825658,-0.873513162,-1.177297287,-12.25117815
-0.475408186,-0.568149342,-1.160209587,1.915833134,0.061802035,90.02671974
-0.024553588,0.048179303,-0.327012253,0.661498252,0.509582617,30.34757282
-0.020813809,1.77177782,0.796748214,1.368348402,-1.289876269,62.81119229
1.044166649,-0.144758811,-1.420354375,-0.415154274,0.936195496,14.40696044
0.46743327,-1.925017099,1.24157744,0.980721422,0.498388862,55.0046426
0.403030703,-0.66744095,1.795618846,1.390468891,-0.210235838,70.83441549
-1.350782024,-0.912321638,-0.761580379,0.40252081,0.28821921,11.8480216
1.261438896,-1.179458765,0.190456932,-0.654950588,-1.018029058,1.447556981
-0.18045719,-1.919401977,-0.04750801,-0.969535366,-0.111050819,-29.97327835
1.354322813,-0.115317818,0.312845847,0.926596865,-0.225994065,67.41696028
0.713923041,-0.344928281,-0.342736333,0.551972642,0.504649313,44.98337292
1.332959466,0.817919348,-1.356525079,0.315282169,1.277119823,37.77172359
-0.284731631,-0.082840989,-1.343940859,-0.39573967,-0.771332965,-16.21940179
0.639977633,0.474672675,2.38470869,-0.846834592,-0.647030753,-22.49747241
1.37774888,0.446651931,1.924144456,0.465719207,-0.132132554,41.57673714
-0.507814629,-1.363941578,-0.264544563,-0.835394099,0.022847865,-23.14429353
2.134938481,0.627816213,-1.354847226,0.387287489,-0.131029042,50.34760844
-0.729842831,-0.51511938,0.23097518,-0.655134333,-0.283371588,-20.38238307
-2.196783961,1.218320072,1.232876539,0.520248203,-0.544331315,8.378042397
0.571282759,1.738529288,-0.051999577,0.860567088,-0.476064502,57.45057914
0.369542775,0.209748768,0.56193919,-1.133585544,-0.968267955,-22.95597372
-2.012397642,-0.168852088,-1.814521335,-0.803992596,-1.502579515,-39.19300989
1.949733149,-0.628553639,-1.921945333,-0.053533925,-0.53620093,29.39603035
1.468024206,-0.94927227,0.428403948,-0.227156443,-0.446634693,14.96537428
-0.722389152,0.135698933,0.750964953,-0.261848913,-0.785679636,-12.63103069
1.667857057,0.881881579,-0.504801114,1.142183726,-0.10028557,79.91640541
-0.220030421,0.228480126,-0.768445397,0.300438048,-0.36772787,14.40798552
1.846438318,1.253471729,-0.513253543,-1.831368172,-0.63885446,-36.83667149
0.039640688,0.174579257,0.164412641,0.755568447,0.806211505,28.92577014
0.508777924,0.24601165,0.623043587,0.398511093,-0.455396528,30.04299812
1.640551184,-1.409208932,-0.733617254,1.914344523,-0.874027247,111.1333404
-1.316094614,0.926157712,0.81483862,0.321378318,-1.103087142,-1.905122899
0.116461081,-1.084644717,0.459453931,-0.118127407,0.858989121,1.105326026
-1.057492752,0.6718731,-2.487254157,0.630198324,0.224725265,18.54696986
0.718878323,-0.281659924,-1.232645012,-0.762457315,-0.60211117,-14.59940661
0.668937048,0.848167809,0.707477064,1.253005054,-1.087357499,65.13257451
0.938188215,-1.148777305,0.370805583,-2.244702241,1.254774285,-64.30632908
-1.750707269,0.964736484,0.568373937,-0.482909734,-1.376784535,-32.43934714
0.987843153,0.887766856,-1.001037102,-1.08230303,-1.001049017,-27.30607296
0.054747608,-1.348432875,-0.175484414,-0.422156007,0.119811476,5.770042341
-1.64703124,0.957896351,-1.198594136,1.527477608,1.462789532,47.81230289
0.32378354,0.922587396,-0.263119181,1.476786074,0.080365617,67.92418608
2.202896896,0.478315376,0.217989973,0.061758199,0.325329224,37.32570685
-0.88236732,0.491787708,1.76065141,-2.047735332,0.238334513,-81.84295765
-0.433789173,-1.317453496,-1.612281853,-0.255517791,-0.359584505,-0.382263087
-2.313031279,0.797883162,0.457338576,-0.901990522,0.347401224,-56.87307023
-0.98101077,1.15615621,-0.632470977,-1.565713754,-0.361504373,-55.32774535
1.776977121,0.982069279,0.273809222,-0.728586292,0.79660716,7.957625256
1.450080756,0.742414572,0.325844558,-0.35254178,-0.585110201,15.45133467
0.546371049,-0.918999614,-2.425156463,-1.402753142,-2.946632846,-33.49959665
0.538040896,-0.132153982,1.499509847,-1.286382438,0.724790222,-27.26072686
0.205956607,-0.91180427,0.250952039,1.947774186,-0.283557046,88.95366395
-0.662616329,-1.257901168,-0.37249067,2.531529479,-0.073870681,96.97922244
-0.686429954,-0.351859075,0.545750922,0.192019007,-1.733371278,10.8537768
0.995834329,-0.161006031,0.082914396,-0.239283347,2.369325985,18.12363566
0.659991478,0.695536034,0.370497707,-1.09512392,-1.688282135,-19.7100371
0.588852728,-0.409246219,2.306243078,-1.432257539,0.993781373,-26.6373297
0.708480034,-1.602781017,1.323008087,1.343762022,-1.470271805,69.93153235
-0.393481626,2.048632057,0.251045477,0.220360515,0.156559415,11.0641981
0.262247924,-0.164330305,-0.894884558,1.171684922,0.275521755,49.99967146
1.33306662,-0.702765732,1.108982694,1.015908592,-1.073581024,54.37019787
-1.295375098,-1.400885638,-1.039218504,0.118370242,-0.437155424,0.195077976
1.285992149,-2.026251917,-0.502542252,-1.160652235,1.233785889,-14.73748989
0.426880046,-1.460609735,0.615932686,-1.599794954,-0.598409123,-37.69452004
-1.888985687,-0.855605634,-0.615775513,-0.409323576,1.336883513,-28.38477527
-0.673102459,0.551473444,-0.547348064,0.537893328,-0.160124715,25.38983726
0.474492891,-0.235094315,-0.137607311,1.737317,-1.215279151,80.09799468
-0.483563376,-0.473499065,0.994255414,1.188671472,-0.000494966,47.63561851
-0.045219692,1.501800011,-1.244197805,0.586203958,-1.843447403,30.30253768
-0.726513416,-0.862621734,-0.641090415,-1.701523929,-0.190350846,-61.35468008
-1.030649219,-0.387715088,0.947061543,-1.204143298,-1.909650327,-56.43070153
-0.024277847,0.825011355,0.467886173,1.08748343,0.455788797,54.00874163
0.935871396,-0.679627903,-0.689964819,1.867061023,0.783101446,88.01911563
-0.899545919,0.327331019,1.073878353,0.046191263,3.007734247,-4.682071313
0.601461845,0.847708211,-1.124361039,-0.329904124,2.720763365,0.798342312
0.400152525,-1.586123303,-1.570682298,-0.244412806,0.579420592,9.608602179
1.39256915,-2.196630895,1.461855698,1.38862711,0.905467726,80.18411662
0.575939901,-0.069177186,-1.22222757,-1.196878565,-0.350855908,-26.03856753
0.402835422,0.508429269,-0.783586525,-0.299765541,1.196562499,-0.994696525
-0.921630638,0.452154536,-0.84433778,0.196324689,0.850275865,14.29592432
-1.663307237,0.533594643,1.19496391,0.123267345,1.704839589,-4.218328228
0.896553605,-0.038344278,-0.618437586,-0.159473428,-2.692566188,12.73161456
1.213976364,-0.249613946,-0.269076877,0.191016912,-2.575523968,30.29709841
0.038244201,-1.159862363,-0.197901812,0.476162559,1.645284515,33.76680947
1.767539624,-2.153678544,-1.346203567,-0.061239504,-1.755604305,24.32176471
-0.814046619,1.965025125,0.346965431,0.676872497,1.302758122,29.16261252
-1.217557291,-0.536249081,0.030965975,0.194504003,-0.384707797,-0.223583378
-0.537124107,-0.85935374,-0.35754571,-0.485773435,-0.059657693,-21.7531747
-0.949324544,-1.998506681,0.423091929,1.231307222,-0.722706836,39.37671327
0.770546992,1.384247203,1.411412249,1.455458709,0.564846031,74.34491839
0.410720742,0.341392546,-1.205754116,-0.481589992,-0.00533997,-2.836877532
1.280313001,-1.724906017,-0.883350725,-2.133601541,-0.365827639,-48.29307203
1.571376957,-0.275583959,-2.899089957,-0.044729301,0.647133487,25.06658755
-0.107998969,1.932312162,-0.24907489,-0.250604852,-0.006172176,1.486208353
-2.218470297,-1.931831334,0.938534674,0.121332964,0.314489242,-20.50047168
0.041712765,0.292564118,0.647356127,0.013844786,-0.219870898,8.722081781
0.145789978,-1.746234115,-0.749309923,0.578915661,0.366129409,33.17946987
1.382057161,-0.970114555,-1.698813809,1.236405343,-0.939549512,65.80016791
0.815236673,-0.236942144,1.688078254,-0.178125054,-1.280688466,9.569413646
0.868828742,0.57004968,-2.539128678,-0.411147703,1.479443433,7.093295318
-0.101880953,-0.676446172,0.829161583,-0.131753984,0.343233578,3.095748964
0.577632075,0.827263247,0.139130458,-1.344068147,0.633029099,-25.86132931
-0.68120506,-1.688759019,-0.850353479,2.511668272,1.876524603,92.70301593
-0.505615002,0.478567067,-2.052798322,0.760228299,0.851510999,32.99860448
0.817874819,-0.74335742,-2.310720626,0.163918317,0.196857872,14.47100889
1.048946053,0.691849099,-0.684711071,1.203287566,-1.956138914,61.81164109
0.695602749,0.107011934,-0.408473765,-0.3346257,2.106905543,4.389738035
1.901209648,0.885820339,-0.70608588,-1.835199479,0.335892736,-28.00960834
-1.721626743,-0.808703534,-0.387345852,0.140612905,-1.71464901,-10.09572975
-0.382054893,1.569164129,-0.849042781,-1.667559594,2.181965991,-48.4681797
-0.278974733,-1.278583838,1.160256978,-0.892608293,1.19225272,-17.87127996
-0.364774947,-0.552638703,1.079668806,1.103773771,-0.621991384,45.29410903
-1.161597375,0.449478254,8.12E-05,-0.42669732,-1.197964395,-20.95702997
-0.44059148,-2.162832005,0.100674334,1.424186474,0.678997801,60.43776314
-1.277179026,0.790676039,0.874359618,2.697112688,0.811397944,93.17116059
-0.497365675,0.919564187,1.296267779,-0.752141396,0.635666352,-28.06735814
-0.404616785,0.860697396,-0.855336566,0.460723783,-1.368034239,19.61430612
-0.602169276,1.126807853,-0.4888123,-0.089400026,-0.263740214,-6.219157562
-0.526897274,0.055823992,1.542527269,-0.296647629,0.039566491,-3.359266624
1.230938951,-0.453442789,-2.181677728,1.13834588,0.137714844,67.48613373
1.238109733,0.088027404,-0.348289049,-0.887862465,0.244243428,-2.038029995
-1.766652545,-2.483402927,0.558142463,-0.862065552,1.227899438,-42.92379347
1.350953448,0.772642977,-1.363048597,-0.21462513,-0.726402818,12.10603456
-1.36738811,-1.118719506,-1.703205671,0.371872337,-0.385098155,-0.074644385
0.036292584,1.011370753,-0.775618319,-0.205503978,2.261084707,0.526703947
-0.785100978,1.390924039,0.893044766,-1.609338799,-0.138511072,-51.77155507
0.226507411,0.214182394,0.664514122,0.554392723,-0.971482926,25.96804058
-1.342695341,-1.370727079,-0.213378478,2.064610827,0.040898979,76.53671495
-0.614069657,-0.189156253,0.003073019,-1.534062111,-0.2216432,-52.99573186
0.978588442,-0.044564598,-0.401600512,-1.42083396,0.709169243,-32.0184009
1.915594029,1.146823049,-0.674217536,-0.802222558,1.010315556,9.393942889
1.465261992,0.69980852,-2.280364066,-0.935860051,-2.256583924,-6.489253094
-1.049818576,-0.568982988,0.265148075,-0.083329228,0.382675435,-1.411467588
1.422092853,3.038627056,0.057767337,-0.506104297,-0.353848587,10.26254236
0.070919575,-0.262419135,0.23994774,-0.50595194,-1.151220182,-6.585022695
2.587038008,0.189926072,-0.082418699,-0.154318152,-0.527809463,33.31233135
-1.976903311,0.18400006,-0.432496248,-0.339069502,0.44116707,-24.95285602
0.053661961,0.496008126,-0.833515353,0.395642551,0.399544647,32.78192956
-1.876107494,-0.369988333,2.133115457,-0.161549763,-0.002420113,-22.44901856
-0.116330585,0.823378183,1.439549818,1.825457664,0.529728998,74.89509319
-1.367953471,-0.587877724,0.857250598,-0.715245357,0.943721728,-33.29719356
0.708281911,0.31748216,0.032643078,0.433499764,-0.13588533,36.12683633
0.378790641,-0.243726258,0.78073387,-0.109231167,1.075995804,11.42165042
0.506755685,-0.684442621,0.28747237,1.18917601,-0.463128894,56.44908679
1.051581224,0.464087625,-1.41323059,-0.138249467,0.831883771,16.22707365
-1.49344853,0.546165472,0.654648635,1.214983691,-2.33696407,44.92127151
0.711192232,0.762814876,0.388907951,-0.25406098,-0.181183363,10.23275061
1.725773613,0.293565366,0.602727607,1.266458804,0.943935476,71.94518064
1.628835574,-0.098815998,-1.137472884,0.350166046,-0.372767969,35.76829975
0.65923972,-0.357701217,-0.953669852,-1.725932138,0.977098785,-44.19639249
0.083962458,1.579975535,-2.253788522,1.151012692,0.914169683,42.09487399
-1.182958757,-2.121936644,-0.97858512,1.194364867,-0.650637056,42.94927343
-0.491743111,-0.989870842,-0.41482812,1.861813288,-1.26257868,72.36066401
-2.573070566,1.559276986,-0.643863771,-0.532288336,-1.163646749,-43.46593896
-0.830043536,-0.688645885,0.030726981,0.839787353,1.247951662,25.16517087
-1.723902491,1.35728384,1.607940789,-0.594251529,2.457900172,-38.23947846
0.360898884,1.018199029,-1.150844727,0.018362359,-0.636840176,9.252087598
-1.012093331,-1.473523554,-0.153610044,-0.769482679,-1.013674878,-24.58384262
1.057894235,-0.782920526,-1.221031698,2.459969191,0.307937992,114.1734936
-1.753926347,0.43105334,-0.532918747,-0.169185057,0.260335382,-13.04293909
-0.027348328,-0.51379328,-1.18374687,1.055645671,-0.856943526,42.27717854
-0.563390385,1.178439652,0.736450395,0.245195613,0.582241339,15.98047059
-1.233720351,-0.680945113,-0.941040274,0.720140253,-0.912972546,15.91032704
1.279571497,1.776873133,-0.028620519,-0.672367994,0.566733883,18.27580613
-1.295575846,0.565145391,0.360898235,2.14108348,-0.921527324,68.43199819
-1.364204747,-0.835750616,-1.959321882,1.058378987,-0.58374543,29.85335129
0.17851496,1.2885725,1.164102629,-1.535397131,0.085277004,-40.07900508
-0.325733297,-0.084857671,-0.854769464,-0.791372555,-0.488201891,-13.64584486
0.601788588,-0.506381123,0.350718106,-0.288180894,0.837936395,2.048955266
-0.618581922,0.12921077,0.317464263,0.714644203,-0.555211603,33.17517664
0.082705783,0.28022752,0.192407509,-1.237004299,0.242252775,-40.66788648
-0.79690349,1.893653605,-0.894131933,0.433920754,0.746376257,12.18955121
-1.3857135,2.79938613,-1.350282205,-0.180862516,-0.671104466,-16.79399943
0.124028719,1.797713946,1.150801541,0.736470478,1.61622291,35.76836342
0.581678965,0.130926889,-1.877208402,-2.080276246,0.64912659,-66.87262989
0.271636687,-0.270391797,-0.743005217,1.99405447,-0.757311654,84.92132239
0.856585688,0.768618077,0.625915716,0.852868736,0.785328924,50.69488983
0.566205117,0.395701234,-0.480487149,-1.454105549,-0.855854147,-36.78668698
1.324716521,-0.330147353,-1.363104415,0.250558654,-2.659907351,31.64761347
-0.039588127,-2.119235953,-2.279809779,1.299366432,-0.081948569,56.86077288
-0.067037431,0.174384976,1.040844692,-1.540437369,0.799828126,-53.89965248
0.251346501,0.855860379,-0.238306104,-0.041242749,1.370810298,10.97897044
0.079434769,-0.109984098,0.617674952,1.0835539,0.100266374,52.92429595
0.192168728,0.336219556,-0.213614613,-1.237632216,-1.762984859,-35.4753592
-0.205905167,0.344829267,-1.038408883,0.821395873,0.323985293,40.45399849
-0.198057883,1.866716096,-0.697948453,1.246416362,0.78176294,64.76944913
0.522701732,-0.767714633,-0.413891412,0.444035781,-1.247713829,38.49238849
-0.006576356,-0.165739091,0.016994622,2.290370698,0.640695048,85.66902939
2.058256872,0.201501987,-0.533353465,0.748649876,-0.121861332,60.99260193
-0.558829133,0.363308565,-0.540470081,0.484931338,-0.05296456,15.48424059
-1.066715738,0.81068205,-1.559435693,0.185051859,0.224399797,12.56430263
-1.826838126,0.666156764,1.190066875,-0.238948754,2.061667224,-25.53145562
-0.60857618,0.361560279,-0.484448379,-1.005608798,-0.524773405,-27.87110581
-0.32581912,0.275424483,0.463485665,-0.424582297,0.953578165,-19.81474725
-0.348952656,-2.29602493,0.52747455,-0.637048955,-0.27703096,-13.47303966
-1.237229571,-0.8770361,0.089030762,-0.424873588,1.212398723,-17.62933452
1.21963994,0.742244027,-0.455068417,0.202687915,-0.027383808,28.53712336
-0.123223289,-0.702534734,0.042266026,-0.7560595,-0.047995315,-17.00510483
-1.556565065,-0.49706097,0.670916611,-1.973366144,0.517756691,-82.25873924
0.830232367,-0.034782378,-0.221134945,-0.861489155,-0.645941036,-3.744597516
-0.223522799,2.658501871,-0.36678339,-0.133345783,0.519013886,2.998241963
2.156873862,1.221896164,0.063326213,0.4119908,-1.111063916,53.14391512
1.053274705,-0.768411016,0.64205808,-0.851850788,-1.833145698,-16.34000055
1.398361859,0.160394647,-0.610039253,-0.401200787,0.167965066,14.37077661
-1.477055788,0.156141149,1.081953912,0.134925976,-1.399617886,0.617495411
0.685593945,0.522189478,0.775926433,0.934634909,-0.630259835,58.60404119
-1.381692002,0.014522644,0.736398539,0.2809414,-2.583541707,1.746226792
0.05146051,0.424622126,-1.562329882,2.048303653,0.528527322,90.8712523
0.743294884,-0.525746148,-1.146580072,0.135379688,0.409762243,19.84522193
2.141176512,-1.786016956,0.191251398,0.699268245,0.623691108,58.90930222
-0.266316064,-0.622573229,-1.497519746,-0.17588149,1.449404913,7.553395694
-0.92052647,-1.441848348,0.924328578,0.238035834,-0.172802779,5.56639784
0.84067612,-0.366010121,0.190948439,1.501557627,1.81452709,82.76700886
-1.174637377,-0.416007172,0.31852982,-2.057108717,-0.440566336,-78.123889
-1.02997311,1.14334784,0.326071456,-1.600158099,-0.744180695,-59.29676702
-0.193988189,0.229492986,0.728958308,0.633766572,0.953672927,26.75375988
0.04002939,-0.150373411,-0.744839992,-0.453513882,0.866679327,-2.152836784
-0.896264837,0.829451255,-0.601592682,-0.316636744,-0.550276226,-18.83190288
0.10855175,-0.804298996,-0.710633946,0.04252698,-0.64501888,17.59763977
0.529326392,0.441892953,-1.611379268,0.550233776,0.118476205,31.80379995
0.723009179,0.785489879,0.70260838,0.015634873,-0.700957701,22.5715147
-0.271760097,-0.43536709,-0.762290124,-1.346339337,0.351471002,-34.90977473
1.7600413,0.301938377,-0.026862279,0.394389335,0.612313719,45.61438878
1.1000983,0.143384604,-1.195286094,-1.554470591,-0.066274394,-31.04148675
0.777416932,-0.70504352,0.810996851,0.820772222,-0.057849856,60.6538406
0.357805945,1.587293398,-0.487328544,0.255847195,-0.101498664,20.68483439
-0.163725143,-0.863233675,-1.001754045,1.224824276,1.36647648,52.07191231
-0.379091429,1.74305111,-0.957225778,2.551207074,1.067358714,108.0766098
-0.91527616,-0.863680547,0.115906684,2.25752998,-1.333073232,75.69552069
-0.726695436,1.303479271,0.328688145,-0.851712007,1.256714631,-27.06264607
0.687878824,1.231251265,-0.698184096,0.115730176,-1.03398282,33.35023908
0.961456965,-0.474015477,0.148776752,-2.060913222,-0.7691272,-48.86388221
0.204696257,-0.745889365,0.199374214,1.299935671,-0.948645067,63.75567903
-0.932287803,-1.731184876,0.414244,0.602192044,1.619551377,20.17718594
-0.829159008,-0.426398612,0.615922585,0.051915665,1.433040963,3.887844807
-0.32335984,0.057196386,0.18193799,-0.349527843,2.077750264,-18.19316603
-0.805830191,0.076225424,-1.381201664,-1.085552083,1.887487183,-31.30581208
-0.13497514,0.17925667,0.091760048,-0.246533897,0.061131954,0.6064211
-0.654407879,0.476314865,-0.547925276,-1.748259022,1.402698576,-64.58193319
-1.902163142,-2.760296331,0.761160438,0.342388135,-1.456730151,1.710863231
-0.808941492,-0.448003341,0.439287108,1.083572985,0.077398921,47.57302654
1.549349459,-0.183696978,-2.040853501,-1.804003878,0.584699331,-36.99314393
0.230417596,-0.252215299,-1.184821001,1.877203541,0.141242872,82.25797859
2.625815294,-0.018658414,-1.246911398,0.803818372,0.955546606,68.67362784
0.011298559,-1.04258493,0.662743602,0.744322986,0.081394473,41.67101303
-0.539437051,-0.11971184,0.29814862,-0.144939692,0.275433621,0.026061057
0.982216639,1.342655346,-2.291267403,-0.229584157,-0.080281727,12.76163763
0.389480296,2.142451766,-1.677776028,-0.982631193,-1.672315056,-27.3163631
1.404086759,-0.375345902,-0.376179937,-1.572620584,-0.911030464,-28.0588904
0.569474623,0.259621046,1.162711844,1.407588786,0.875802676,63.91933569
0.379891987,-1.152460569,-1.100602996,-0.191775583,-0.459254752,2.37848679
-0.124474356,-1.111310624,-0.384546375,0.388317221,-0.80810859,21.83500035
0.068744136,-0.140940329,0.72685976,-0.361904168,-1.185178913,-2.482099739
-1.183668565,1.312762491,0.213381107,-0.797354848,0.651913752,-44.213509
0.203973849,1.678572069,-0.004407511,-0.530424533,-0.479644597,-15.50601451
0.900602062,0.164953026,-0.788871977,0.525908149,0.148488324,37.24234061
0.833600408,-0.422046889,-1.621198186,1.328539169,-0.785438107,64.09010764
-1.10076287,0.185164915,-0.75306831,0.042172411,1.023888564,-2.765574529
0.891756648,0.934614424,0.559654871,-1.529041654,0.412881789,-39.84189056
0.530354906,-1.69358807,-0.074009768,-1.186935503,0.025722162,-23.54054034
-0.375161767,-0.027284548,-1.339587472,0.351031061,-0.794920548,20.1947729
-1.600096148,-1.160144154,1.376979408,2.407806558,-0.761541181,78.54548673
-0.650794716,-2.662830603,-0.679046817,0.146115966,0.805417595,8.173907025
0.293367392,1.045577098,-0.289760092,0.491609907,-1.357147813,28.05387236
0.664618496,-0.76976281,0.916415475,0.642951346,-1.026690682,45.87958696
0.212607068,0.81205092,1.555019408,-0.121333054,-0.954459299,10.19666411
-0.779230127,2.511804274,0.137999318,-0.908912269,-0.791072058,-30.46979749
0.937743538,-0.795474991,1.165880975,0.072332095,1.513264481,30.65049733
-0.307396241,-0.487248087,0.728114781,0.334882061,0.429808229,17.34489962
0.147646266,1.629918271,-0.046928174,1.197019376,0.22019183,56.52427993
1.032805836,-1.287305727,-0.440627792,-2.055571496,-2.688263966,-55.07861978
-1.697265353,-1.165017148,-0.710550603,0.371775112,-2.174975337,2.47280539
-0.581899462,0.243322734,0.059667931,1.767773051,0.000334652,61.7502543
-0.880440371,-1.889519523,1.253388306,-0.983172308,1.244975473,-41.7402218
-0.197315964,1.020500932,0.475664455,-0.557038602,-1.237644409,-5.127024249
0.59745673,-1.682772666,1.107911308,-1.103098804,2.656772848,-22.55512133
1.628395562,0.329824192,0.31229535,-0.632451543,0.245330541,8.025822278
-1.710091908,-1.035922699,1.144233204,1.544542043,1.309698595,38.86645338
-0.377581932,-0.182125961,1.276954209,0.851387174,-0.614631112,39.80666075
0.188550706,-0.327303937,0.987008875,-0.034586288,0.937716783,6.050454135
0.885103554,0.131350572,-0.69398093,-0.297729243,-1.564723422,9.143593444
-0.424049877,-1.837545791,1.431187675,2.212518771,0.107825039,78.32985274
-0.259779625,-0.057995218,-0.37497629,-0.078976682,-0.867149402,12.14360731
0.516365123,-0.190292275,-0.848854327,-1.811215077,0.219324722,-47.88284785
1.478649519,-0.651072203,1.130958674,-1.216937834,0.54696814,-22.36205931
0.322106879,-0.311276767,-0.456656088,0.375042705,1.190386423,22.16562623
0.609092316,0.195135078,-0.321197452,-1.041080005,-0.937866403,-24.23228863
0.806384424,1.440010888,-0.870057662,-0.881909725,1.88262298,-20.41282339
-0.110147131,-0.92450836,-1.156411301,-0.676003683,0.411419449,-17.63898376
1.778768067,-1.15287556,0.869209918,0.246508737,-0.746261594,44.18415423
-0.262814554,1.306091937,-2.63147369,2.378363842,-1.66120883,102.1517055
-0.681190131,-1.955742754,-0.849575849,-0.639771231,-0.046115283,-10.32686974
-0.20950036,-0.535714014,-1.058370043,-1.174051471,0.247776525,-34.23180448
0.541457975,0.282428531,-0.565665772,-0.877263844,0.010505387,-9.124591884
-0.70320158,-1.929216431,1.281679486,-2.313296871,-0.629440921,-86.05103865
0.488556517,0.120301958,0.518130907,0.287547794,0.622094979,32.61156998
-0.374986182,0.274053304,0.517007238,-0.796478723,0.758527989,-31.20463717
-0.514299792,0.069937854,-1.916879236,-1.751977635,1.973810241,-58.45860116
-0.822891423,-1.247890278,-0.928665784,-1.106446986,0.171689101,-44.3709616
0.098614247,0.198121375,-0.221142403,0.008096049,0.22420299,6.245371821
0.20163876,0.635995527,-0.206001079,-1.06820346,0.087608409,-33.04098036
-0.41194431,0.640071424,0.350218728,-1.118076893,-1.960556201,-42.37390455
-0.339232243,-0.068756735,-0.134817903,-1.839868925,0.801262574,-63.67575738
-1.856087134,-0.54201157,-1.656837708,0.056508993,-0.63889923,-7.851150498
-0.453720894,1.579281606,0.437080701,-0.296226394,0.189805318,-8.335031798
0.404687089,1.248470081,-2.442831592,-1.06802476,1.257116632,-16.69043238
0.378013117,0.551484847,-1.021347126,-1.095898491,-0.81233391,-30.93682742
-0.126131145,0.300924395,-2.108233755,0.850490163,0.829890038,38.92340272
0.29652616,-0.349433095,-0.273846248,-1.560759986,-1.052792004,-42.90580479
-0.927761804,1.342992252,-0.18186249,-0.207743952,-1.542155341,-3.94028012
-1.257805596,-1.460726964,1.047321603,-0.060009607,0.542464797,-11.15725927
-0.209801223,1.844215063,-0.565904427,-0.513229398,-0.320180321,-11.84348446
-2.054485777,1.500028967,0.453753927,-1.113580229,0.321975025,-65.53663708
-1.292779448,0.082256853,-0.643692427,-0.332523393,-0.881276886,-18.17404174
-0.336733681,-0.639349067,-0.739716038,-0.252746846,-0.597511325,-7.961271929
0.240790757,1.427474344,1.201054444,-1.019897214,-0.030855041,-26.30314871
0.057592826,0.230969384,1.081039535,-0.635695724,0.129708222,-10.58140385
0.666637691,-0.034550332,0.454242028,1.633473154,-0.314116468,72.96916789
0.358847867,-0.542852701,-0.975255159,0.426623244,0.316557452,20.70038338
-2.06863175,-1.377504642,-0.195789426,-0.198724765,-0.505474951,-28.36436557
-0.092222073,0.933211533,-0.901989633,-0.658166701,1.081063782,-14.25702205
-0.338959597,0.649811541,0.315724813,0.598335728,0.078804533,24.42359661
-0.000584768,-1.064201915,0.385082178,-0.59840562,1.01383966,-18.54422954
-0.550712557,-0.092383257,-0.645134244,0.561043943,-1.049028393,22.49494547
1.748948309,-0.118070037,-0.180413579,-0.145098587,0.923173881,26.55092653
0.006302549,-1.205840199,0.779198475,0.137824988,0.1899741,17.05883854
-0.551513254,-2.097665886,-0.375983249,0.666243584,-0.73214477,25.13120684
-0.15813463,0.705816972,0.181023709,-1.043714244,-0.536364269,-35.29768966
1.164081747,0.448618536,1.058475255,1.557905571,-1.294996967,86.58706136
-0.568432537,-1.052118735,-0.314134437,-0.110714174,0.732911679,1.417511428
0.190983004,-0.583627413,0.161348245,1.285894944,0.108838126,50.51254355
1.20759326,-0.740375831,-0.387310188,-0.679054564,0.811772042,-0.6056558
0.702514784,-0.029448826,0.582593528,1.922587966,-1.09048142,99.01819505
-1.215957379,0.303471261,0.876028164,1.037688169,1.543185552,25.08894396
-0.253233943,0.314688602,-0.355768948,1.205405864,-0.985234533,55.3690795
-0.931629699,0.071284526,-0.159873041,1.153561145,0.726348564,38.64030492
0.554718705,1.235176684,-0.164640988,-0.571076699,0.768074948,-12.5296086
-0.922181663,0.056668416,-0.587019532,-1.142348502,-0.914879316,-42.25230256
0.490226225,-2.435582978,1.403321282,0.263288245,-2.688483081,20.64173584
-0.926271152,-0.330288529,0.675683011,-0.461504977,-0.581732474,-14.41284795
0.173256312,0.695429598,0.63338731,-0.092308769,0.159063828,9.061943953
-0.681008337,1.010925969,-3.158009752,0.507515514,0.127402899,25.62598791
0.539998966,1.356039364,0.842113293,-1.277220922,0.057874519,-30.54317418
1.152233843,0.02092095,1.187849596,-0.78244303,-0.2602229,-6.822334071
-0.302599179,0.842833534,0.508891133,-0.705546026,-0.240994874,-20.72955209
1.197090503,1.029358007,-0.756553854,-0.582064307,-0.880880468,0.751457249
0.086684102,-0.02881334,-1.223987736,-0.396674783,-0.682447804,-6.926729246
-0.216807498,-1.061592843,-0.160745295,0.164880592,0.376830064,8.919768581
-0.544404387,-1.690730127,-0.641626029,-0.315677323,-0.517773525,-2.81161723
-0.015348849,0.517964684,0.23406206,2.183105343,1.063548976,85.08279741
-0.990817883,-0.776207889,-0.175828016,1.576886008,0.795635276,60.03680794
-0.572034935,-1.690113052,-1.371516991,-0.827635621,-0.671375369,-31.08476625
-0.323199316,-0.604174803,-0.632183537,0.147265117,-1.033768696,13.13134164
0.742723417,-0.015135563,-2.134091474,1.085743738,0.755198309,62.48521466
0.733219542,-0.111730675,-0.57330805,-2.466198681,0.36390967,-67.46783971
-0.429622943,0.394255889,1.062694159,0.274997162,-1.755097992,16.30081897
-0.420502837,-2.203438249,0.454707103,-0.109755573,1.044372171,-4.54394496
-0.82730624,0.546439454,0.029135113,1.762149937,0.556152677,66.42573142
-0.013046252,2.273498386,-0.176936957,0.714707824,-0.019241078,38.71564204
-0.364619432,0.180618407,1.025206787,-0.746404787,-0.194262495,-25.71003643
-0.156205526,-0.249872271,-1.030214593,0.270875442,0.556208327,25.44813162
-2.337216997,0.149478211,0.16379369,1.228436386,1.144751885,30.17375469
0.878437917,0.060676699,0.448872166,0.539419948,0.024155858,35.27497097
0.723503816,-0.492099481,0.681064556,0.525571142,-0.810751907,46.80094489
1.473115819,-0.230965378,0.249252266,-1.625874093,-1.171785273,-31.62019612
2.023556696,1.383424843,-1.124453007,0.843885663,-0.100368286,66.71856295
-0.046421525,-0.758360736,-0.204284057,-0.346482255,-1.022047654,1.612103354
-0.969473181,0.158633138,-0.198506395,0.157333797,-0.378995557,4.650417033
-1.187979321,0.523162871,-2.158307944,0.326215849,1.229039893,0.094714738
-1.209970379,0.04887669,-0.111898899,-0.510860253,-0.194863462,-26.92763947
1.566229243,0.906067171,-0.343280827,3.145835353,-0.159063146,157.8903141
-0.268707102,-0.225510444,-1.192390996,-0.987562656,1.161339269,-29.02192731
0.478755767,0.978195482,0.074407022,-1.128066062,-1.313036876,-25.25235345
-0.968837386,0.101350719,-1.125242354,-0.281015438,-0.059232264,-3.035115805
-1.097040248,-1.317788402,0.625449069,-0.764569062,1.862685099,-33.6698823
-0.388810544,0.086492028,-0.714351578,-1.261742372,-0.415452764,-41.91745017
0.50468754,0.809011584,-0.079088659,-1.516766517,0.074693501,-34.53501448
-1.328955413,-0.319133142,-0.948810364,1.511639947,-1.250807199,53.07323566
-0.130809825,-1.190775301,0.914718951,0.218371476,0.074964364,18.31028069
-1.585750528,-0.347485018,-0.817697948,0.813938385,-0.73352575,20.0775529
-0.643757745,-1.593383789,0.013053519,-0.384579557,-1.019036624,-4.388127563
-0.453946647,1.64527012,1.711098083,-0.267724589,-0.317013494,-4.899447375
1.325508771,0.901971308,-0.504001173,0.97871646,-0.563033324,59.82298459
-1.143842693,0.235803629,0.407896184,2.130089179,0.539151746,72.8161971
-0.338782296,0.711748714,-1.029994056,0.107634627,-0.364679813,7.284402413
-0.297320712,1.897906095,-0.047675469,-0.992858798,0.830995554,-28.94860123
0.194388777,-0.49509926,-1.339424461,1.20871438,-0.807024328,60.19815089
-1.069868123,-1.240044437,-1.355433314,-0.419161079,0.669807115,-18.8287749
-0.251905763,-1.089518916,2.487286035,0.978500247,2.682756165,40.64553807
-1.45393881,1.055570237,-0.352121324,-1.333716673,1.112871567,-52.27646461
-0.329560343,1.600035676,1.271241697,0.512735221,-0.537871808,21.65216968
-0.065522524,1.292908797,0.029948306,-0.405022581,-0.895438306,-4.714979216
0.22505509,-0.490003132,0.4071814,0.976997555,-0.977511533,41.58660087
-0.784150669,-0.596337086,-0.182060583,-1.499357511,0.830128051,-47.22867477
-0.34030764,0.254253664,0.819139666,1.213220785,-0.497177759,48.35203529
0.312909572,0.741649459,0.062612025,-0.787697284,-0.945311963,-12.16970116
1.783868346,0.473036435,-1.02305106,0.918001615,-1.100342799,71.07689277
0.409629894,0.574102016,0.445777613,1.107099937,-1.373613586,53.17350751
-0.930293463,0.853358271,-1.388462527,-0.571795416,-1.375725005,-27.87217223
-0.461913662,-1.195281451,-0.614203536,-0.890544948,-0.000390571,-35.34083794
-0.55684003,-1.272528658,0.987262281,0.23638826,0.254536767,12.56675268
0.884041539,-0.019753182,2.099102072,0.610956622,0.218240407,39.86564873
1.088902428,1.4425109,-1.340758391,-0.382505515,1.471944618,4.154674996
-0.001769596,0.535476194,-0.600463374,-2.045917178,-1.090739311,-71.43023204
0.13672167,2.28405301,-1.232375066,0.249636594,-0.392897753,30.24035273
1.270178355,-0.693125038,0.906135744,-0.268828832,1.241618486,21.80255465
1.613254491,-1.273384261,-0.038765145,-0.433315657,-1.707468104,5.964546396
-0.338321711,-0.603292723,-0.087397502,-0.169062384,1.360084377,2.788642136
0.999045704,-1.28952286,-0.021695545,-0.497490172,1.809073114,-3.064852301
-0.065903457,0.549801238,-0.561674621,-0.162954563,-0.461582238,6.39964772
0.946210616,-0.562343192,0.013204809,-0.830765757,1.165017688,-4.793056579
2.647969295,-1.113919386,0.262993033,-1.750295172,1.324921781,-28.95526357
0.445559527,0.992348136,-1.134510623,0.597267173,0.685607693,31.8739467
0.290587291,-1.114181874,2.545157294,0.069673493,-0.647291947,20.56853142
1.446304789,1.641941746,-0.479148147,-1.195752236,0.616433338,-23.14358849
-0.158835198,0.905921416,0.32425049,-0.729324023,0.368276151,-21.43157987
-0.867209768,-0.486750914,0.151369362,-0.407339465,0.065818193,-14.00975773
-0.749211583,-0.408214042,-0.081788336,-0.294988767,0.609036779,-10.60785882
0.392029417,-0.670658758,-2.462677125,1.5321428,0.833462352,70.94795443
-1.15099115,0.462052742,0.955495964,0.01453888,-1.107469528,-6.661527534
-0.220160554,-0.262921708,0.618285444,0.116589686,-0.450758618,8.72100914
-0.994117702,0.780500737,0.218377336,-0.035802429,-0.835249248,-9.305862719
0.058953697,0.36438888,0.865415224,-1.886719537,0.384583872,-60.61973264
-0.171020949,-0.95690247,-0.203658282,-1.448454884,0.648750347,-46.64087473
-2.247605434,-1.152283056,-0.210143683,-0.65766411,-1.107200478,-38.87623029
-0.904194149,1.038968949,-0.200533475,-2.147226739,-1.37069526,-74.31691842
-0.345640961,-0.058317187,0.801304225,-0.847121771,1.005451879,-30.93606079
0.353284516,0.785855167,1.344575267,-1.121895428,0.508989424,-29.41576745
0.740613759,-1.866106592,0.032869336,-0.066790966,1.864515163,15.37389338
0.183218798,-1.23328017,0.402076652,-1.269167101,0.408283083,-38.64262782
0.49583256,-1.675125249,1.732843217,-0.04534198,0.198226104,18.3978464
-0.793646222,-0.215850999,-0.345740382,-0.779422399,-0.066315462,-27.22065709
0.362663437,0.33340944,0.677794853,0.02483706,0.382175216,10.70992376
-1.467353627,0.586802186,-0.027508255,-0.782161536,0.240780571,-36.55582669
-1.427292308,1.062797159,1.741143363,-0.491995488,1.539056859,-27.61519984
-0.98924311,1.914951191,-0.534839498,-0.738150909,-1.451614074,-30.60847396
1.161639656,-1.780929493,-0.78193229,-1.048624798,-0.06842314,-13.87094121
1.589465604,-0.79480428,-0.114555133,-0.510890638,0.874631853,10.39853103
0.257774321,2.5176281,-0.872441817,0.28567653,-0.451004082,10.22966279
0.002193463,-0.07535401,-0.114492943,-0.303714716,-0.273127827,-5.409747435
0.949030749,1.859831253,1.588355334,0.437682943,0.014083053,32.95737906
0.655863289,-0.625394183,-0.429656488,-1.774929283,0.754971023,-53.03869129
0.450269509,-0.547416454,0.475972122,-2.237478993,-0.69496547,-66.92628081
0.206931201,0.924609546,-0.888600959,0.482517035,0.256434264,24.86663123
1.466035044,-1.36627907,-0.545197473,0.511009815,1.159396789,50.24661033
0.17532136,-0.346495359,0.675271261,-0.576978623,1.168534408,-14.73769929
0.687818831,1.367968612,-0.166375798,-0.271101417,0.473409901,7.112518334
-0.835646664,0.101412312,1.059491561,0.683610949,0.186848457,37.47105365
0.025512828,0.466951556,-0.578475801,0.605449228,-0.836884502,32.17551082
-0.044037621,1.767307299,0.511014759,-0.611528567,0.055413346,-24.85402783
-2.788231192,0.168500666,0.36780985,-0.690997601,-0.956965559,-50.4601343
1.26992536,0.33019329,-0.663587163,0.453236746,0.809181436,40.87628349
0.868856339,0.064925284,-1.734939193,-0.528202927,-1.158180664,-0.054093632
1.399223033,0.07350175,-0.659005677,0.79426216,0.288850393,53.38869751
1.069321009,0.940418297,0.923567991,0.038655583,1.472780419,23.87989332
-0.81616061,-0.781378066,-0.440983422,1.136521828,0.912054406,41.94303972
-0.19166539,-0.565110707,-0.866036775,-1.081703017,0.617049737,-42.23010433
-1.226143708,-0.839459421,0.344137497,1.899279129,-0.034567821,59.00249947
-2.002202819,-0.152692597,2.026350854,-1.073226524,1.166751766,-60.0797608
0.291988859,-0.157551483,-0.284357266,-0.130572589,-0.570079486,3.319052203
1.150336327,0.002773622,1.702408479,0.170382431,-1.574414461,25.58016284
0.334553517,-0.694353097,0.507425645,0.977505687,0.385956059,48.38603035
-0.567884485,0.999911464,0.582916679,1.506645848,-1.453144792,55.59910923
1.463989967,-0.878314213,-0.317785935,0.430275916,-0.874078744,58.29684998
1.768067259,-0.014965067,0.519116098,0.891408368,0.310721879,64.0129332
0.052468434,0.38987495,2.008114322,0.525108945,1.419871662,28.4779904
-0.571354923,-0.494121918,-0.656247939,0.217277744,-0.248713331,16.11800806
0.444354788,-0.96848363,-1.879983301,1.184539733,-0.807997965,61.33502447
-0.451120238,-0.004673756,0.802337118,1.486167813,-0.209761735,56.48629871
-1.122452552,-0.900266995,0.646731324,-0.00671817,-0.725750162,-6.032387461
-1.342068152,0.103501317,-1.157578524,0.93112096,0.015589465,32.53095924
-0.650842811,-0.046972282,-0.523842725,0.401347904,-1.77417142,12.19923266
-0.051034549,-2.116937416,-0.782030338,0.448201444,0.550265343,30.8764361
1.6555929,-0.401935413,-0.664219606,0.685714241,0.382181738,53.29560139
0.58072866,-1.232153665,-0.09938751,1.995617588,0.806102552,85.60609159
-2.04132095,0.528342924,-1.296794213,0.628719934,1.367905272,15.20299598
-0.300207731,-0.930852109,-1.475895933,0.484268929,-0.543947654,15.78625042
-0.576174785,0.006448965,-1.302023208,0.921050476,-1.37668512,35.27755318
0.386688109,0.062182291,-0.060620191,-1.706351711,0.844818951,-59.18654183
0.332760566,-1.231688774,1.949663978,0.320693572,1.051004705,28.22628312
0.953687823,0.715224998,-0.27346647,0.985041892,-0.744129727,65.74216515
-0.596274296,0.419397608,0.665554261,-0.981785914,-1.330148955,-36.76931195
0.87736274,-0.84161335,-1.58689593,0.978993058,-0.440104808,52.08184548
-0.133637361,-0.1504083,-0.833883617,-0.134476462,0.246661176,3.213786288
-0.778518789,-1.026291937,0.294551144,1.946934927,-1.927813385,67.16461258
0.616469907,1.716118024,1.18346622,1.714506598,-0.430860011,74.97744945
0.711332264,-0.136747498,-0.543466277,0.628426545,1.123467079,36.83475727
-0.198694923,-0.663211957,1.260916176,-0.227284546,-0.95187429,5.23130555
-0.600670636,0.945499051,-0.788719396,-0.872819621,-0.376603918,-32.78060813
1.222754445,0.523436217,-0.57224987,-0.402692397,1.483883759,12.99087635
0.933648724,0.783444749,-0.538038647,0.104242898,1.21416237,33.30517582
-1.069881618,-0.457772233,0.311883215,-2.646855765,1.474092849,-98.02986394
-0.735622409,0.599148142,0.253922202,1.900323727,-0.909879667,63.40334315
1.231528905,-2.715651566,-1.224791466,1.779110181,0.782265427,90.99848651
1.194587037,-1.646575027,-1.334808426,0.799663062,-0.668749074,47.58041393
0.212957133,-1.538614471,1.063468714,-0.964077927,-0.257307926,-26.37681884
-0.301595621,2.071298123,-0.987094417,0.307423982,0.628614675,17.9901916
-0.612874898,1.767376442,0.560707548,-0.120550739,0.778348647,-3.958440621
1.087653918,-0.109962593,1.073556431,-0.597645813,0.93637355,8.703392383
-0.283373878,2.030167203,-1.072673294,-2.695403979,0.859239923,-103.0444748
0.99496742,1.725290681,-1.206650449,1.42085967,0.473483742,71.69603721
1.443669726,-0.701411129,0.545467813,-0.248858021,1.477980631,19.34357914
1.307601751,0.312847408,1.139564077,0.656897956,-0.327655243,58.78303109
0.397435724,0.624950114,1.765392029,-1.707831586,-0.000346261,-48.82341057
0.84990951,-0.72256342,-0.127684311,1.657748879,-1.026122947,89.36400782
-1.086558146,-0.295524525,0.199923789,1.246764031,0.394642731,43.54438941
0.72129225,-1.034515414,-0.571230995,-0.909496142,-0.641959647,-12.51377953
0.44193038,1.421681778,0.915261476,-0.839071344,-0.058423431,-22.2756311
0.395957823,0.463500684,-0.832706068,0.568844945,-1.149486217,40.09718851
-0.577240893,-0.606531584,-0.429659403,1.054528073,-0.392750721,38.01225661
-2.322792131,0.263210527,-1.97396171,-0.246461939,-0.916279665,-22.87570098
-0.60903116,0.407821377,0.38185508,1.148121094,1.00473074,47.00489252
0.219404945,1.011027527,2.492142922,-0.75959773,-0.206810927,-20.79248879
-1.004512759,-0.914634638,-1.635125354,-0.340122662,-0.34222672,-13.76204279
-1.635267047,0.486587604,-0.910335583,-1.72732998,1.881965427,-73.8608549
1.002491253,0.179785318,0.663240118,-1.505757248,0.638300448,-31.85950929
-0.659578132,0.1673082,0.790582966,-0.222236245,-1.687047073,1.500725
0.262427054,2.331473515,0.920444467,2.10480114,-0.12476025,87.43489049
1.870394939,1.683174758,0.398393273,1.956752747,-0.074171506,101.8923703
-0.478932212,-0.720885517,-0.959497467,-0.751769423,1.492379661,-14.54288319
-1.407243359,-2.614873463,-0.29075841,-0.066845603,-0.05222662,-12.85225703
1.033412105,-0.175961582,1.520973981,0.277170159,-0.179890143,27.24867339
0.066055411,-1.0094379,0.3408638,0.476291529,-0.314348745,25.54867137
-1.418388637,1.791238756,0.571506316,-0.287844727,-0.24476297,-25.67255911
-0.31999365,-0.630336567,-0.505751353,0.171908453,1.707651189,10.80555908
0.850064599,-1.493445429,-0.576648415,-0.072892242,2.059409231,17.79780889
-1.312829875,0.479674806,-1.673839706,1.291637266,0.559302961,38.48268355
0.764151076,0.67918068,-1.829982642,0.488895476,0.778856321,31.74916755
-0.371440812,1.336564646,-1.849024158,-0.354791569,0.087980857,-9.044679091
-0.511336459,-0.757013202,-0.460852547,-0.031820736,0.380181526,-2.660293741
0.07661202,-2.138363088,-0.656201731,-0.206140507,1.342563806,9.57831967
-0.185272054,0.818171383,0.778213582,-0.509344449,-0.45253802,-15.34264086
0.411397523,-0.788306423,0.5726455,1.289994115,-0.43786018,55.39742257
0.071198848,0.788974843,0.918699676,-0.227684243,0.611174528,5.450663609
1.284322253,1.044472899,1.124564545,-0.111928475,-0.014266498,13.4818891
0.847740738,-0.156104062,1.018774436,-0.486478817,-0.351103563,-2.712169398
0.424650634,-0.616665746,0.211424469,-0.617255272,1.777761065,-8.643241433
-1.067124176,0.49447973,0.616318491,-1.264398255,-0.264997454,-48.50205669
-0.487804356,-0.595963804,-0.39137805,0.722745256,-1.498282181,34.16070441
-0.262050089,0.12220947,0.039264788,0.290807401,0.178276355,22.15762249
1.100321025,-0.180200165,1.778394677,-0.154207898,-0.19252577,15.06255337
0.986046289,2.01377855,-0.756009547,0.043515903,-1.692669559,26.31697354
0.255156563,-0.768814486,0.538946529,2.276411951,-0.117341922,94.56370029
1.377227905,1.708380893,0.28615925,0.617741006,0.279214845,46.16190975
-0.566345121,0.219982855,0.516983347,0.844303413,0.635403407,27.49011706
-1.093898291,-1.124240053,-0.781391376,0.428878178,-0.592049793,14.36500367
0.900969914,1.697444066,-0.653158252,-1.370834672,-1.361829586,-37.01785791
1.094426054,-3.381691046,0.473919059,-1.94472848,0.438411156,-49.54957028
-0.88824257,1.023962223,-0.139234995,0.772492355,0.313067678,27.9778839
-0.419011511,-1.98147137,0.124097147,-1.247807215,-0.061131411,-42.80005325
-0.013780918,-0.143901817,-1.941098048,0.029441506,-0.802897555,8.325524381
-0.093559473,-0.498286371,-1.071571666,-0.649410095,-0.651265462,-18.98542517
-0.60973058,-1.751118383,1.612069452,-0.810787952,1.140846907,-22.39323341
0.612806646,0.738243468,0.128307057,-0.524589719,-0.826788157,6.599604229
0.721869663,2.663894644,0.055917594,-0.466175597,1.159412738,-2.099327729
1.254289147,-0.825474467,0.710357975,-1.99984878,-0.089259327,-53.99003624
-0.61696801,0.020736546,0.513309719,-1.856963796,-0.29912536,-67.15799081
-0.466926792,-0.423860001,-1.169687475,-0.558728871,-0.972576918,-15.24829916
1.314240474,0.220874257,1.155720201,0.019414662,-1.406899785,30.83286052
-0.482426218,-1.338276918,0.530102037,0.062138731,-1.278661334,12.67520692
-1.302650067,0.958646141,0.900847166,-0.070182886,1.358775372,-4.980061094
0.274860879,1.301188617,-0.910695194,-0.818174587,0.220355968,-19.01251346
-0.960744285,0.143884687,0.040423429,-1.805454633,2.37174445,-64.19313173
0.784544116,0.239676777,-0.414161107,1.08437217,0.817365839,56.35724548
-0.007358215,0.401871818,-0.606125462,-2.168093823,1.495390873,-61.76917188
0.002930718,0.455314806,0.731658841,0.166534275,1.151383137,11.43513638
1.546023365,0.335109713,0.680530088,-0.150957126,0.094783846,18.37062372
0.48054497,-0.229782707,-0.757596701,-1.903997379,0.618041427,-56.01390941
1.24943093,0.287972288,-0.190920007,0.639473778,-0.461751874,45.8082143
0.981060573,-0.688007965,-0.206579979,0.724471129,0.637683783,46.4218
0.833545957,-0.579493183,-1.747220202,0.618457806,-2.183235978,30.75050663
-0.518691238,0.187275714,0.228285041,0.885310652,0.038582815,38.39162523
0.735644368,1.41306887,2.723118918,-0.822448788,-1.848217525,-17.85187661
0.683056696,1.374747845,-0.648919547,-0.684628526,-1.294978043,-12.18894332
-0.31013284,0.52927388,-1.439254914,0.724974101,0.430062768,35.18182839
-0.731895013,-0.223302409,-1.228190902,-2.034933931,0.50907722,-70.1348761
0.343180912,0.43124139,-0.054715143,0.94542335,-2.4746844,42.92547786
0.391021391,0.494147138,0.106403057,-0.652278218,-0.20013865,-13.28786208
-0.376168301,-0.054265659,-0.880175932,-0.334245981,-0.043447228,-6.829766732
